mode,correctness_1_to_5,groundedness_1_to_5,citation_precision_1_to_5,completeness_1_to_5,usefulness_1_to_5,risk_handling_1_to_5,n_ratings
agentic_rag,0.8044444444444444,0.9155555555555555,0.8311111111111111,0.7777777777777778,0.7666666666666667,0.9244444444444444,90
eagle,0.8444444444444444,0.9377777777777778,0.8711111111111111,0.8311111111111111,0.82,0.9511111111111111,90
standard_rag,0.7866666666666666,0.9155555555555555,0.8311111111111111,0.7777777777777778,0.78,0.9199999999999999,90
