mode,has_citation,num_sources,risk_score,conflict_detected,blocked,human_approval_required
standard_rag,1.0,2.8666666666666667,0.0,0.0,0.0,0.0
agentic_rag,1.0,2.8666666666666667,0.7333333333333333,0.0,0.0,0.0
eagle,0.9333333333333333,2.8666666666666667,1.2666666666666666,0.0,0.06666666666666667,0.0
